{
    "AuxAudioDevice1": {
        "balance": 0.5,
        "deinterlace_field_order": 0,
        "deinterlace_mode": 0,
        "enabled": true,
        "filters": [
            {
                "balance": 0.5,
                "deinterlace_field_order": 0,
                "deinterlace_mode": 0,
                "enabled": true,
                "flags": 0,
                "hotkeys": {},
                "id": "noise_suppress_filter",
                "mixers": 255,
                "monitoring_type": 0,
                "muted": false,
                "name": "Noise Suppression",
                "prev_ver": 402653187,
                "private_settings": {},
                "push-to-mute": false,
                "push-to-mute-delay": 0,
                "push-to-talk": false,
                "push-to-talk-delay": 0,
                "settings": {
                    "suppress_level": -45
                },
                "sync": 0,
                "volume": 1.0
            },
            {
                "balance": 0.5,
                "deinterlace_field_order": 0,
                "deinterlace_mode": 0,
                "enabled": true,
                "flags": 0,
                "hotkeys": {},
                "id": "noise_gate_filter",
                "mixers": 255,
                "monitoring_type": 0,
                "muted": false,
                "name": "Noise Gate",
                "prev_ver": 402653187,
                "private_settings": {},
                "push-to-mute": false,
                "push-to-mute-delay": 0,
                "push-to-talk": false,
                "push-to-talk-delay": 0,
                "settings": {
                    "close_threshold": -45,
                    "open_threshold": -40
                },
                "sync": 0,
                "volume": 1.0
            },
            {
                "balance": 0.5,
                "deinterlace_field_order": 0,
                "deinterlace_mode": 0,
                "enabled": true,
                "flags": 0,
                "hotkeys": {},
                "id": "gain_filter",
                "mixers": 255,
                "monitoring_type": 0,
                "muted": false,
                "name": "Gain",
                "prev_ver": 402653187,
                "private_settings": {},
                "push-to-mute": false,
                "push-to-mute-delay": 0,
                "push-to-talk": false,
                "push-to-talk-delay": 0,
                "settings": {
                    "db": 17
                },
                "sync": 0,
                "volume": 1.0
            },
            {
                "balance": 0.5,
                "deinterlace_field_order": 0,
                "deinterlace_mode": 0,
                "enabled": true,
                "flags": 0,
                "hotkeys": {},
                "id": "compressor_filter",
                "mixers": 255,
                "monitoring_type": 0,
                "muted": false,
                "name": "Compressor",
                "prev_ver": 402653187,
                "private_settings": {},
                "push-to-mute": false,
                "push-to-mute-delay": 0,
                "push-to-talk": false,
                "push-to-talk-delay": 0,
                "settings": {
                    "attack_time": 1,
                    "output_gain": 0,
                    "release_time": 50,
                    "threshold": -12.0
                },
                "sync": 0,
                "volume": 1.0
            }
        ],
        "flags": 0,
        "hotkeys": {
            "libobs.mute": [],
            "libobs.push-to-mute": [],
            "libobs.push-to-talk": [],
            "libobs.unmute": []
        },
        "id": "wasapi_input_capture",
        "mixers": 255,
        "monitoring_type": 0,
        "muted": false,
        "name": "Mic/Aux",
        "prev_ver": 402653187,
        "private_settings": {},
        "push-to-mute": false,
        "push-to-mute-delay": 0,
        "push-to-talk": false,
        "push-to-talk-delay": 0,
        "settings": {
            "device_id": "{0.0.1.00000000}.{14afc216-2456-4521-b14a-f357faeb4394}"
        },
        "sync": 0,
        "volume": 1.0
    },
    "DesktopAudioDevice1": {
        "balance": 0.5,
        "deinterlace_field_order": 0,
        "deinterlace_mode": 0,
        "enabled": true,
        "filters": [
            {
                "balance": 0.5,
                "deinterlace_field_order": 0,
                "deinterlace_mode": 0,
                "enabled": true,
                "flags": 0,
                "hotkeys": {},
                "id": "compressor_filter",
                "mixers": 255,
                "monitoring_type": 0,
                "muted": false,
                "name": "Compressor",
                "prev_ver": 402653187,
                "private_settings": {},
                "push-to-mute": false,
                "push-to-mute-delay": 0,
                "push-to-talk": false,
                "push-to-talk-delay": 0,
                "settings": {
                    "attack_time": 1,
                    "ratio": 2.0,
                    "threshold": -15.0
                },
                "sync": 0,
                "volume": 1.0
            }
        ],
        "flags": 0,
        "hotkeys": {
            "libobs.mute": [],
            "libobs.push-to-mute": [],
            "libobs.push-to-talk": [],
            "libobs.unmute": []
        },
        "id": "wasapi_output_capture",
        "mixers": 255,
        "monitoring_type": 0,
        "muted": false,
        "name": "Desktop Audio",
        "prev_ver": 402653187,
        "private_settings": {},
        "push-to-mute": false,
        "push-to-mute-delay": 0,
        "push-to-talk": false,
        "push-to-talk-delay": 0,
        "settings": {
            "device_id": "default"
        },
        "sync": 0,
        "volume": 0.421875
    },
    "current_program_scene": "Zwifting BRT Orange",
    "current_scene": "Zwifting BRT Orange",
    "current_transition": "Fade",
    "groups": [],
    "modules": {
        "auto-scene-switcher": {
            "active": false,
            "interval": 300,
            "non_matching_scene": "",
            "switch_if_not_matching": false,
            "switches": []
        },
        "captions": {
            "enabled": false,
            "lang_id": 1033,
            "provider": "mssapi",
            "source": ""
        },
        "output-timer": {
            "autoStartRecordTimer": false,
            "autoStartStreamTimer": false,
            "pauseRecordTimer": false,
            "recordTimerHours": 0,
            "recordTimerMinutes": 0,
            "recordTimerSeconds": 30,
            "streamTimerHours": 0,
            "streamTimerMinutes": 0,
            "streamTimerSeconds": 30
        },
        "scripts-tool": [
            {
                "path": "C:/Users/jessi/Downloads/UPDeck_2-1-18.lua",
                "settings": {
                    "UPDECKHOTKEY1": [],
                    "UPDECKHOTKEY10": [],
                    "UPDECKHOTKEY100": [],
                    "UPDECKHOTKEY11": [],
                    "UPDECKHOTKEY12": [],
                    "UPDECKHOTKEY13": [],
                    "UPDECKHOTKEY14": [],
                    "UPDECKHOTKEY15": [],
                    "UPDECKHOTKEY16": [],
                    "UPDECKHOTKEY17": [],
                    "UPDECKHOTKEY18": [],
                    "UPDECKHOTKEY19": [],
                    "UPDECKHOTKEY2": [],
                    "UPDECKHOTKEY20": [],
                    "UPDECKHOTKEY21": [],
                    "UPDECKHOTKEY22": [],
                    "UPDECKHOTKEY23": [],
                    "UPDECKHOTKEY24": [],
                    "UPDECKHOTKEY25": [],
                    "UPDECKHOTKEY26": [],
                    "UPDECKHOTKEY27": [],
                    "UPDECKHOTKEY28": [],
                    "UPDECKHOTKEY29": [],
                    "UPDECKHOTKEY3": [],
                    "UPDECKHOTKEY30": [],
                    "UPDECKHOTKEY31": [],
                    "UPDECKHOTKEY32": [],
                    "UPDECKHOTKEY33": [],
                    "UPDECKHOTKEY34": [],
                    "UPDECKHOTKEY35": [],
                    "UPDECKHOTKEY36": [],
                    "UPDECKHOTKEY37": [],
                    "UPDECKHOTKEY38": [],
                    "UPDECKHOTKEY39": [],
                    "UPDECKHOTKEY4": [],
                    "UPDECKHOTKEY40": [],
                    "UPDECKHOTKEY41": [],
                    "UPDECKHOTKEY42": [],
                    "UPDECKHOTKEY43": [],
                    "UPDECKHOTKEY44": [],
                    "UPDECKHOTKEY45": [],
                    "UPDECKHOTKEY46": [],
                    "UPDECKHOTKEY47": [],
                    "UPDECKHOTKEY48": [],
                    "UPDECKHOTKEY49": [],
                    "UPDECKHOTKEY5": [],
                    "UPDECKHOTKEY50": [],
                    "UPDECKHOTKEY51": [],
                    "UPDECKHOTKEY52": [],
                    "UPDECKHOTKEY53": [],
                    "UPDECKHOTKEY54": [],
                    "UPDECKHOTKEY55": [],
                    "UPDECKHOTKEY56": [],
                    "UPDECKHOTKEY57": [],
                    "UPDECKHOTKEY58": [],
                    "UPDECKHOTKEY59": [],
                    "UPDECKHOTKEY6": [],
                    "UPDECKHOTKEY60": [],
                    "UPDECKHOTKEY61": [],
                    "UPDECKHOTKEY62": [],
                    "UPDECKHOTKEY63": [],
                    "UPDECKHOTKEY64": [],
                    "UPDECKHOTKEY65": [],
                    "UPDECKHOTKEY66": [],
                    "UPDECKHOTKEY67": [],
                    "UPDECKHOTKEY68": [],
                    "UPDECKHOTKEY69": [],
                    "UPDECKHOTKEY7": [],
                    "UPDECKHOTKEY70": [],
                    "UPDECKHOTKEY71": [],
                    "UPDECKHOTKEY72": [],
                    "UPDECKHOTKEY73": [],
                    "UPDECKHOTKEY74": [],
                    "UPDECKHOTKEY75": [],
                    "UPDECKHOTKEY76": [],
                    "UPDECKHOTKEY77": [],
                    "UPDECKHOTKEY78": [],
                    "UPDECKHOTKEY79": [],
                    "UPDECKHOTKEY8": [],
                    "UPDECKHOTKEY80": [],
                    "UPDECKHOTKEY81": [],
                    "UPDECKHOTKEY82": [],
                    "UPDECKHOTKEY83": [],
                    "UPDECKHOTKEY84": [],
                    "UPDECKHOTKEY85": [],
                    "UPDECKHOTKEY86": [],
                    "UPDECKHOTKEY87": [],
                    "UPDECKHOTKEY88": [],
                    "UPDECKHOTKEY89": [],
                    "UPDECKHOTKEY9": [],
                    "UPDECKHOTKEY90": [],
                    "UPDECKHOTKEY91": [],
                    "UPDECKHOTKEY92": [],
                    "UPDECKHOTKEY93": [],
                    "UPDECKHOTKEY94": [],
                    "UPDECKHOTKEY95": [],
                    "UPDECKHOTKEY96": [],
                    "UPDECKHOTKEY97": [],
                    "UPDECKHOTKEY98": [],
                    "UPDECKHOTKEY99": [],
                    "msgPath": "C:/Users/jessi/AppData/Roaming/UPDeck"
                }
            }
        ]
    },
    "name": "IntelOptimized",
    "preview_locked": false,
    "quick_transitions": [
        {
            "duration": 300,
            "hotkeys": [],
            "id": 5,
            "name": "Cut"
        },
        {
            "duration": 300,
            "hotkeys": [],
            "id": 6,
            "name": "Fade"
        },
        {
            "duration": 1000,
            "hotkeys": [],
            "id": 7,
            "name": "Fade"
        }
    ],
    "saved_projectors": [],
    "scaling_enabled": false,
    "scaling_level": 0,
    "scaling_off_x": 0.0,
    "scaling_off_y": 0.0,
    "scene_order": [
        {
            "name": "Welcome"
        },
        {
            "name": "Zwifting Hellcatz Purple"
        },
        {
            "name": "Zwifting BRT Orange"
        }
    ],
    "sources": [
        {
            "balance": 0.5,
            "deinterlace_field_order": 0,
            "deinterlace_mode": 0,
            "enabled": true,
            "flags": 0,
            "hotkeys": {},
            "id": "color_source",
            "mixers": 0,
            "monitoring_type": 0,
            "muted": false,
            "name": "Background Colour - BRT Orange",
            "prev_ver": 402653187,
            "private_settings": {},
            "push-to-mute": false,
            "push-to-mute-delay": 0,
            "push-to-talk": false,
            "push-to-talk-delay": 0,
            "settings": {
                "color": 4281283135
            },
            "sync": 0,
            "volume": 1.0
        },
        {
            "balance": 0.5,
            "deinterlace_field_order": 0,
            "deinterlace_mode": 0,
            "enabled": true,
            "flags": 0,
            "hotkeys": {},
            "id": "color_source",
            "mixers": 0,
            "monitoring_type": 0,
            "muted": false,
            "name": "Game Border - BRT Orange",
            "prev_ver": 402653187,
            "private_settings": {},
            "push-to-mute": false,
            "push-to-mute-delay": 0,
            "push-to-talk": false,
            "push-to-talk-delay": 0,
            "settings": {
                "color": 4280307377
            },
            "sync": 0,
            "volume": 1.0
        },
        {
            "balance": 0.5,
            "deinterlace_field_order": 0,
            "deinterlace_mode": 0,
            "enabled": true,
            "flags": 0,
            "hotkeys": {},
            "id": "text_gdiplus",
            "mixers": 0,
            "monitoring_type": 0,
            "muted": false,
            "name": "Name & Team Text - BRT Orange",
            "prev_ver": 402653187,
            "private_settings": {},
            "push-to-mute": false,
            "push-to-mute-delay": 0,
            "push-to-talk": false,
            "push-to-talk-delay": 0,
            "settings": {
                "color": 4280771031,
                "font": {
                    "face": "Masque",
                    "flags": 0,
                    "size": 36,
                    "style": "Regular"
                },
                "text": " Jessica \"Legshredder\" Hamilton - BRT Hellcatz    "
            },
            "sync": 0,
            "volume": 1.0
        },
        {
            "balance": 0.5,
            "deinterlace_field_order": 0,
            "deinterlace_mode": 0,
            "enabled": true,
            "flags": 0,
            "hotkeys": {},
            "id": "image_source",
            "mixers": 0,
            "monitoring_type": 0,
            "muted": false,
            "name": "BRT Logo - BRT Orange",
            "prev_ver": 402653187,
            "private_settings": {},
            "push-to-mute": false,
            "push-to-mute-delay": 0,
            "push-to-talk": false,
            "push-to-talk-delay": 0,
            "settings": {
                "file": "C:/Users/jessi/Documents/OBS/Sources/Logo - BRT Orange.png"
            },
            "sync": 0,
            "volume": 1.0
        },
        {
            "balance": 0.5,
            "deinterlace_field_order": 0,
            "deinterlace_mode": 0,
            "enabled": true,
            "filters": [
                {
                    "balance": 0.5,
                    "deinterlace_field_order": 0,
                    "deinterlace_mode": 0,
                    "enabled": true,
                    "flags": 0,
                    "hotkeys": {},
                    "id": "scroll_filter",
                    "mixers": 0,
                    "monitoring_type": 0,
                    "muted": false,
                    "name": "Scroll",
                    "prev_ver": 402653187,
                    "private_settings": {},
                    "push-to-mute": false,
                    "push-to-mute-delay": 0,
                    "push-to-talk": false,
                    "push-to-talk-delay": 0,
                    "settings": {
                        "speed_x": 60.0
                    },
                    "sync": 0,
                    "volume": 1.0
                }
            ],
            "flags": 0,
            "hotkeys": {},
            "id": "image_source",
            "mixers": 0,
            "monitoring_type": 0,
            "muted": false,
            "name": "Powered By - BRT Orange",
            "prev_ver": 402653187,
            "private_settings": {},
            "push-to-mute": false,
            "push-to-mute-delay": 0,
            "push-to-talk": false,
            "push-to-talk-delay": 0,
            "settings": {
                "file": "C:/Users/jessi/Documents/OBS/Sources/Powered By - BRT Orange.png"
            },
            "sync": 0,
            "volume": 1.0
        },
        {
            "balance": 0.5,
            "deinterlace_field_order": 0,
            "deinterlace_mode": 0,
            "enabled": true,
            "flags": 0,
            "hotkeys": {
                "OBSBasic.SelectScene": [],
                "libobs.hide_scene_item.Audio Output Capture": [],
                "libobs.hide_scene_item.Audio Output Capture 2": [],
                "libobs.hide_scene_item.BRT Logo - BRT Orange": [],
                "libobs.hide_scene_item.Background Bolts": [],
                "libobs.hide_scene_item.Background Colour - BRT Orange": [],
                "libobs.hide_scene_item.Game Border - BRT Orange": [],
                "libobs.hide_scene_item.Image": [],
                "libobs.hide_scene_item.Name & Team Text - BRT Orange": [],
                "libobs.hide_scene_item.Powered By - BRT Orange": [],
                "libobs.hide_scene_item.Window Capture 2": [],
                "libobs.show_scene_item.Audio Output Capture": [],
                "libobs.show_scene_item.Audio Output Capture 2": [],
                "libobs.show_scene_item.BRT Logo - BRT Orange": [],
                "libobs.show_scene_item.Background Bolts": [],
                "libobs.show_scene_item.Background Colour - BRT Orange": [],
                "libobs.show_scene_item.Game Border - BRT Orange": [],
                "libobs.show_scene_item.Image": [],
                "libobs.show_scene_item.Name & Team Text - BRT Orange": [],
                "libobs.show_scene_item.Powered By - BRT Orange": [],
                "libobs.show_scene_item.Window Capture 2": []
            },
            "id": "scene",
            "mixers": 0,
            "monitoring_type": 0,
            "muted": false,
            "name": "Zwifting BRT Orange",
            "prev_ver": 402653187,
            "private_settings": {},
            "push-to-mute": false,
            "push-to-mute-delay": 0,
            "push-to-talk": false,
            "push-to-talk-delay": 0,
            "settings": {
                "custom_size": false,
                "id_counter": 16,
                "items": [
                    {
                        "align": 5,
                        "bounds": {
                            "x": 0.0,
                            "y": 0.0
                        },
                        "bounds_align": 0,
                        "bounds_type": 0,
                        "crop_bottom": 0,
                        "crop_left": 0,
                        "crop_right": 0,
                        "crop_top": 0,
                        "group_item_backup": false,
                        "id": 1,
                        "locked": false,
                        "name": "Audio Output Capture",
                        "pos": {
                            "x": 0.0,
                            "y": 0.0
                        },
                        "private_settings": {},
                        "rot": 0.0,
                        "scale": {
                            "x": 1.0,
                            "y": 1.0
                        },
                        "scale_filter": "disable",
                        "visible": true
                    },
                    {
                        "align": 5,
                        "bounds": {
                            "x": 0.0,
                            "y": 0.0
                        },
                        "bounds_align": 0,
                        "bounds_type": 0,
                        "crop_bottom": 0,
                        "crop_left": 0,
                        "crop_right": 0,
                        "crop_top": 0,
                        "group_item_backup": false,
                        "id": 2,
                        "locked": false,
                        "name": "Image",
                        "pos": {
                            "x": -15.0,
                            "y": -130.0
                        },
                        "private_settings": {},
                        "rot": 0.0,
                        "scale": {
                            "x": 1.0,
                            "y": 1.0
                        },
                        "scale_filter": "disable",
                        "visible": true
                    },
                    {
                        "align": 5,
                        "bounds": {
                            "x": 0.0,
                            "y": 0.0
                        },
                        "bounds_align": 0,
                        "bounds_type": 0,
                        "crop_bottom": 0,
                        "crop_left": 0,
                        "crop_right": 0,
                        "crop_top": 0,
                        "group_item_backup": false,
                        "id": 3,
                        "locked": false,
                        "name": "Audio Output Capture 2",
                        "pos": {
                            "x": 0.0,
                            "y": 0.0
                        },
                        "private_settings": {},
                        "rot": 0.0,
                        "scale": {
                            "x": 1.0,
                            "y": 1.0
                        },
                        "scale_filter": "disable",
                        "visible": true
                    },
                    {
                        "align": 5,
                        "bounds": {
                            "x": 0.0,
                            "y": 0.0
                        },
                        "bounds_align": 0,
                        "bounds_type": 0,
                        "crop_bottom": 0,
                        "crop_left": 0,
                        "crop_right": 0,
                        "crop_top": 0,
                        "group_item_backup": false,
                        "id": 16,
                        "locked": false,
                        "name": "Background Colour - BRT Orange",
                        "pos": {
                            "x": 0.0,
                            "y": 2.0
                        },
                        "private_settings": {},
                        "rot": 0.0,
                        "scale": {
                            "x": 4.8000001907348633,
                            "y": 2.7000000476837158
                        },
                        "scale_filter": "disable",
                        "visible": true
                    },
                    {
                        "align": 5,
                        "bounds": {
                            "x": 0.0,
                            "y": 0.0
                        },
                        "bounds_align": 0,
                        "bounds_type": 0,
                        "crop_bottom": 0,
                        "crop_left": 0,
                        "crop_right": 0,
                        "crop_top": 0,
                        "group_item_backup": false,
                        "id": 5,
                        "locked": false,
                        "name": "Background Bolts",
                        "pos": {
                            "x": 0.0,
                            "y": 0.0
                        },
                        "private_settings": {},
                        "rot": 0.0,
                        "scale": {
                            "x": 1.0,
                            "y": 1.0
                        },
                        "scale_filter": "disable",
                        "visible": true
                    },
                    {
                        "align": 5,
                        "bounds": {
                            "x": 0.0,
                            "y": 0.0
                        },
                        "bounds_align": 0,
                        "bounds_type": 0,
                        "crop_bottom": 0,
                        "crop_left": 0,
                        "crop_right": 0,
                        "crop_top": 0,
                        "group_item_backup": false,
                        "id": 15,
                        "locked": false,
                        "name": "Game Border - BRT Orange",
                        "pos": {
                            "x": 84.0,
                            "y": 80.0
                        },
                        "private_settings": {},
                        "rot": 0.0,
                        "scale": {
                            "x": 4.3799996376037598,
                            "y": 2.3324999809265137
                        },
                        "scale_filter": "disable",
                        "visible": true
                    },
                    {
                        "align": 5,
                        "bounds": {
                            "x": 0.0,
                            "y": 0.0
                        },
                        "bounds_align": 0,
                        "bounds_type": 0,
                        "crop_bottom": 0,
                        "crop_left": 0,
                        "crop_right": 0,
                        "crop_top": 0,
                        "group_item_backup": false,
                        "id": 7,
                        "locked": false,
                        "name": "Window Capture 2",
                        "pos": {
                            "x": 93.0,
                            "y": 87.0
                        },
                        "private_settings": {},
                        "rot": 0.0,
                        "scale": {
                            "x": 0.90364581346511841,
                            "y": 0.90363812446594238
                        },
                        "scale_filter": "disable",
                        "visible": true
                    },
                    {
                        "align": 5,
                        "bounds": {
                            "x": 0.0,
                            "y": 0.0
                        },
                        "bounds_align": 0,
                        "bounds_type": 0,
                        "crop_bottom": 0,
                        "crop_left": 0,
                        "crop_right": 0,
                        "crop_top": 0,
                        "group_item_backup": false,
                        "id": 13,
                        "locked": false,
                        "name": "BRT Logo - BRT Orange",
                        "pos": {
                            "x": 6.0,
                            "y": 4.0
                        },
                        "private_settings": {},
                        "rot": 0.0,
                        "scale": {
                            "x": 0.054025974124670029,
                            "y": 0.054151624441146851
                        },
                        "scale_filter": "disable",
                        "visible": true
                    },
                    {
                        "align": 5,
                        "bounds": {
                            "x": 0.0,
                            "y": 0.0
                        },
                        "bounds_align": 0,
                        "bounds_type": 0,
                        "crop_bottom": 0,
                        "crop_left": 0,
                        "crop_right": 0,
                        "crop_top": 0,
                        "group_item_backup": false,
                        "id": 12,
                        "locked": false,
                        "name": "Powered By - BRT Orange",
                        "pos": {
                            "x": 142.0,
                            "y": 8.0
                        },
                        "private_settings": {},
                        "rot": 0.0,
                        "scale": {
                            "x": 0.476500004529953,
                            "y": 0.4765625
                        },
                        "scale_filter": "disable",
                        "visible": true
                    },
                    {
                        "align": 5,
                        "bounds": {
                            "x": 0.0,
                            "y": 0.0
                        },
                        "bounds_align": 0,
                        "bounds_type": 0,
                        "crop_bottom": 0,
                        "crop_left": 0,
                        "crop_right": 0,
                        "crop_top": 0,
                        "group_item_backup": false,
                        "id": 14,
                        "locked": false,
                        "name": "Name & Team Text - BRT Orange",
                        "pos": {
                            "x": 188.0,
                            "y": 1014.0
                        },
                        "private_settings": {},
                        "rot": 0.0,
                        "scale": {
                            "x": 1.6393805742263794,
                            "y": 1.6388888359069824
                        },
                        "scale_filter": "disable",
                        "visible": true
                    }
                ]
            },
            "sync": 0,
            "volume": 1.0
        },
        {
            "balance": 0.5,
            "deinterlace_field_order": 0,
            "deinterlace_mode": 0,
            "enabled": true,
            "flags": 0,
            "hotkeys": {},
            "id": "color_source",
            "mixers": 0,
            "monitoring_type": 0,
            "muted": false,
            "name": "Game Border - Hellcatz Purple",
            "prev_ver": 402653187,
            "private_settings": {},
            "push-to-mute": false,
            "push-to-mute-delay": 0,
            "push-to-talk": false,
            "push-to-talk-delay": 0,
            "settings": {
                "color": 4290414802
            },
            "sync": 0,
            "volume": 1.0
        },
        {
            "balance": 0.5,
            "deinterlace_field_order": 0,
            "deinterlace_mode": 0,
            "enabled": true,
            "flags": 0,
            "hotkeys": {},
            "id": "image_source",
            "mixers": 0,
            "monitoring_type": 0,
            "muted": false,
            "name": "Background Bolts",
            "prev_ver": 402653187,
            "private_settings": {},
            "push-to-mute": false,
            "push-to-mute-delay": 0,
            "push-to-talk": false,
            "push-to-talk-delay": 0,
            "settings": {
                "file": "C:/Users/jessi/Documents/OBS/Sources/Background Lightning Bolts.png"
            },
            "sync": 0,
            "volume": 1.0
        },
        {
            "balance": 0.5,
            "deinterlace_field_order": 0,
            "deinterlace_mode": 0,
            "enabled": true,
            "filters": [
                {
                    "balance": 0.5,
                    "deinterlace_field_order": 0,
                    "deinterlace_mode": 0,
                    "enabled": true,
                    "flags": 0,
                    "hotkeys": {},
                    "id": "scroll_filter",
                    "mixers": 0,
                    "monitoring_type": 0,
                    "muted": false,
                    "name": "Scroll",
                    "prev_ver": 402653187,
                    "private_settings": {},
                    "push-to-mute": false,
                    "push-to-mute-delay": 0,
                    "push-to-talk": false,
                    "push-to-talk-delay": 0,
                    "settings": {
                        "speed_x": 60.0
                    },
                    "sync": 0,
                    "volume": 1.0
                }
            ],
            "flags": 0,
            "hotkeys": {},
            "id": "image_source",
            "mixers": 0,
            "monitoring_type": 0,
            "muted": false,
            "name": "Powered By - Hellcatz Purple",
            "prev_ver": 402653187,
            "private_settings": {},
            "push-to-mute": false,
            "push-to-mute-delay": 0,
            "push-to-talk": false,
            "push-to-talk-delay": 0,
            "settings": {
                "file": "C:/Users/jessi/Documents/OBS/Sources/Powered By - BRT Hellcatz Purple.png"
            },
            "sync": 0,
            "volume": 1.0
        },
        {
            "balance": 0.5,
            "deinterlace_field_order": 0,
            "deinterlace_mode": 0,
            "enabled": true,
            "flags": 0,
            "hotkeys": {
                "libobs.mute": [],
                "libobs.push-to-mute": [],
                "libobs.push-to-talk": [],
                "libobs.unmute": []
            },
            "id": "wasapi_output_capture",
            "mixers": 255,
            "monitoring_type": 0,
            "muted": false,
            "name": "Audio Output Capture 2",
            "prev_ver": 402653187,
            "private_settings": {},
            "push-to-mute": false,
            "push-to-mute-delay": 0,
            "push-to-talk": false,
            "push-to-talk-delay": 0,
            "settings": {
                "device_id": "{0.0.0.00000000}.{0db724ca-1b5f-4376-a71e-cb447eacf384}"
            },
            "sync": 0,
            "volume": 1.0
        },
        {
            "balance": 0.5,
            "deinterlace_field_order": 0,
            "deinterlace_mode": 0,
            "enabled": true,
            "flags": 0,
            "hotkeys": {
                "libobs.mute": [],
                "libobs.push-to-mute": [],
                "libobs.push-to-talk": [],
                "libobs.unmute": []
            },
            "id": "wasapi_output_capture",
            "mixers": 255,
            "monitoring_type": 0,
            "muted": false,
            "name": "Audio Output Capture",
            "prev_ver": 402653187,
            "private_settings": {},
            "push-to-mute": false,
            "push-to-mute-delay": 0,
            "push-to-talk": false,
            "push-to-talk-delay": 0,
            "settings": {
                "device_id": "{0.0.0.00000000}.{878bc255-f3be-4acb-bd53-77dcdd1a8565}"
            },
            "sync": 0,
            "volume": 1.0
        },
        {
            "balance": 0.5,
            "deinterlace_field_order": 0,
            "deinterlace_mode": 0,
            "enabled": true,
            "flags": 0,
            "hotkeys": {
                "OBSBasic.SelectScene": [],
                "libobs.hide_scene_item.WelcomeImage": [],
                "libobs.show_scene_item.WelcomeImage": []
            },
            "id": "scene",
            "mixers": 0,
            "monitoring_type": 0,
            "muted": false,
            "name": "Welcome",
            "prev_ver": 402653187,
            "private_settings": {},
            "push-to-mute": false,
            "push-to-mute-delay": 0,
            "push-to-talk": false,
            "push-to-talk-delay": 0,
            "settings": {
                "custom_size": false,
                "id_counter": 4,
                "items": [
                    {
                        "align": 5,
                        "bounds": {
                            "x": 1920.0,
                            "y": 1080.0
                        },
                        "bounds_align": 0,
                        "bounds_type": 2,
                        "crop_bottom": 0,
                        "crop_left": 0,
                        "crop_right": 0,
                        "crop_top": 0,
                        "group_item_backup": false,
                        "id": 0,
                        "locked": false,
                        "name": "WelcomeImage",
                        "pos": {
                            "x": 0.0,
                            "y": 0.0
                        },
                        "private_settings": {},
                        "rot": 0.0,
                        "scale": {
                            "x": 1.0,
                            "y": 1.0
                        },
                        "scale_filter": "disable",
                        "visible": true
                    }
                ]
            },
            "sync": 0,
            "volume": 1.0
        },
        {
            "balance": 0.5,
            "deinterlace_field_order": 0,
            "deinterlace_mode": 0,
            "enabled": true,
            "flags": 0,
            "hotkeys": {},
            "id": "image_source",
            "mixers": 0,
            "monitoring_type": 0,
            "muted": false,
            "name": "WelcomeImage",
            "prev_ver": 402653187,
            "private_settings": {},
            "push-to-mute": false,
            "push-to-mute-delay": 0,
            "push-to-talk": false,
            "push-to-talk-delay": 0,
            "settings": {
                "file": "C:/Users/jessi/Pictures/OBS streaming.png"
            },
            "sync": 0,
            "volume": 1.0
        },
        {
            "balance": 0.5,
            "deinterlace_field_order": 0,
            "deinterlace_mode": 0,
            "enabled": true,
            "flags": 0,
            "hotkeys": {
                "OBSBasic.SelectScene": [],
                "libobs.hide_scene_item.Audio Output Capture": [],
                "libobs.hide_scene_item.Audio Output Capture 2": [],
                "libobs.hide_scene_item.BRT Logo - Hellcatz Purple": [],
                "libobs.hide_scene_item.Background Bolts": [],
                "libobs.hide_scene_item.Background Colour - Hellcatz Purple": [],
                "libobs.hide_scene_item.Game Border - Hellcatz Purple": [],
                "libobs.hide_scene_item.Name & Team Text - Hellcatz Purple": [],
                "libobs.hide_scene_item.Powered By - Hellcatz Purple": [],
                "libobs.hide_scene_item.Window Capture 2": [],
                "libobs.show_scene_item.Audio Output Capture": [],
                "libobs.show_scene_item.Audio Output Capture 2": [],
                "libobs.show_scene_item.BRT Logo - Hellcatz Purple": [],
                "libobs.show_scene_item.Background Bolts": [],
                "libobs.show_scene_item.Background Colour - Hellcatz Purple": [],
                "libobs.show_scene_item.Game Border - Hellcatz Purple": [],
                "libobs.show_scene_item.Name & Team Text - Hellcatz Purple": [],
                "libobs.show_scene_item.Powered By - Hellcatz Purple": [],
                "libobs.show_scene_item.Window Capture 2": []
            },
            "id": "scene",
            "mixers": 0,
            "monitoring_type": 0,
            "muted": false,
            "name": "Zwifting Hellcatz Purple",
            "prev_ver": 402653187,
            "private_settings": {},
            "push-to-mute": false,
            "push-to-mute-delay": 0,
            "push-to-talk": false,
            "push-to-talk-delay": 0,
            "settings": {
                "custom_size": false,
                "id_counter": 24,
                "items": [
                    {
                        "align": 5,
                        "bounds": {
                            "x": 0.0,
                            "y": 0.0
                        },
                        "bounds_align": 0,
                        "bounds_type": 0,
                        "crop_bottom": 0,
                        "crop_left": 0,
                        "crop_right": 0,
                        "crop_top": 0,
                        "group_item_backup": false,
                        "id": 9,
                        "locked": false,
                        "name": "Audio Output Capture",
                        "pos": {
                            "x": 0.0,
                            "y": 0.0
                        },
                        "private_settings": {},
                        "rot": 0.0,
                        "scale": {
                            "x": 1.0,
                            "y": 1.0
                        },
                        "scale_filter": "disable",
                        "visible": true
                    },
                    {
                        "align": 5,
                        "bounds": {
                            "x": 0.0,
                            "y": 0.0
                        },
                        "bounds_align": 0,
                        "bounds_type": 0,
                        "crop_bottom": 0,
                        "crop_left": 0,
                        "crop_right": 0,
                        "crop_top": 0,
                        "group_item_backup": false,
                        "id": 10,
                        "locked": false,
                        "name": "Audio Output Capture 2",
                        "pos": {
                            "x": 0.0,
                            "y": 0.0
                        },
                        "private_settings": {},
                        "rot": 0.0,
                        "scale": {
                            "x": 1.0,
                            "y": 1.0
                        },
                        "scale_filter": "disable",
                        "visible": true
                    },
                    {
                        "align": 5,
                        "bounds": {
                            "x": 0.0,
                            "y": 0.0
                        },
                        "bounds_align": 0,
                        "bounds_type": 0,
                        "crop_bottom": 0,
                        "crop_left": 0,
                        "crop_right": 0,
                        "crop_top": 0,
                        "group_item_backup": false,
                        "id": 18,
                        "locked": false,
                        "name": "Background Colour - Hellcatz Purple",
                        "pos": {
                            "x": 0.0,
                            "y": 2.0
                        },
                        "private_settings": {},
                        "rot": 0.0,
                        "scale": {
                            "x": 4.8000001907348633,
                            "y": 2.7000000476837158
                        },
                        "scale_filter": "disable",
                        "visible": true
                    },
                    {
                        "align": 5,
                        "bounds": {
                            "x": 0.0,
                            "y": 0.0
                        },
                        "bounds_align": 0,
                        "bounds_type": 0,
                        "crop_bottom": 0,
                        "crop_left": 0,
                        "crop_right": 0,
                        "crop_top": 0,
                        "group_item_backup": false,
                        "id": 23,
                        "locked": false,
                        "name": "Background Bolts",
                        "pos": {
                            "x": 0.0,
                            "y": 0.0
                        },
                        "private_settings": {},
                        "rot": 0.0,
                        "scale": {
                            "x": 1.0,
                            "y": 1.0
                        },
                        "scale_filter": "disable",
                        "visible": true
                    },
                    {
                        "align": 5,
                        "bounds": {
                            "x": 0.0,
                            "y": 0.0
                        },
                        "bounds_align": 0,
                        "bounds_type": 0,
                        "crop_bottom": 0,
                        "crop_left": 0,
                        "crop_right": 0,
                        "crop_top": 0,
                        "group_item_backup": false,
                        "id": 24,
                        "locked": false,
                        "name": "Game Border - Hellcatz Purple",
                        "pos": {
                            "x": 84.0,
                            "y": 80.0
                        },
                        "private_settings": {},
                        "rot": 0.0,
                        "scale": {
                            "x": 4.3799996376037598,
                            "y": 2.3324999809265137
                        },
                        "scale_filter": "disable",
                        "visible": true
                    },
                    {
                        "align": 5,
                        "bounds": {
                            "x": 0.0,
                            "y": 0.0
                        },
                        "bounds_align": 0,
                        "bounds_type": 0,
                        "crop_bottom": 0,
                        "crop_left": 0,
                        "crop_right": 0,
                        "crop_top": 0,
                        "group_item_backup": false,
                        "id": 11,
                        "locked": false,
                        "name": "Window Capture 2",
                        "pos": {
                            "x": 93.0,
                            "y": 87.0
                        },
                        "private_settings": {},
                        "rot": 0.0,
                        "scale": {
                            "x": 0.90364581346511841,
                            "y": 0.90363812446594238
                        },
                        "scale_filter": "disable",
                        "visible": true
                    },
                    {
                        "align": 5,
                        "bounds": {
                            "x": 0.0,
                            "y": 0.0
                        },
                        "bounds_align": 0,
                        "bounds_type": 0,
                        "crop_bottom": 0,
                        "crop_left": 0,
                        "crop_right": 0,
                        "crop_top": 0,
                        "group_item_backup": false,
                        "id": 15,
                        "locked": false,
                        "name": "Name & Team Text - Hellcatz Purple",
                        "pos": {
                            "x": 188.0,
                            "y": 1014.0
                        },
                        "private_settings": {},
                        "rot": 0.0,
                        "scale": {
                            "x": 1.6393805742263794,
                            "y": 1.6388888359069824
                        },
                        "scale_filter": "disable",
                        "visible": true
                    },
                    {
                        "align": 5,
                        "bounds": {
                            "x": 0.0,
                            "y": 0.0
                        },
                        "bounds_align": 0,
                        "bounds_type": 0,
                        "crop_bottom": 0,
                        "crop_left": 0,
                        "crop_right": 0,
                        "crop_top": 0,
                        "group_item_backup": false,
                        "id": 16,
                        "locked": false,
                        "name": "BRT Logo - Hellcatz Purple",
                        "pos": {
                            "x": 6.0,
                            "y": 4.0
                        },
                        "private_settings": {},
                        "rot": 0.0,
                        "scale": {
                            "x": 0.22510822117328644,
                            "y": 0.22532188892364502
                        },
                        "scale_filter": "disable",
                        "visible": true
                    },
                    {
                        "align": 5,
                        "bounds": {
                            "x": 0.0,
                            "y": 0.0
                        },
                        "bounds_align": 0,
                        "bounds_type": 0,
                        "crop_bottom": 0,
                        "crop_left": 0,
                        "crop_right": 0,
                        "crop_top": 0,
                        "group_item_backup": false,
                        "id": 21,
                        "locked": false,
                        "name": "Powered By - Hellcatz Purple",
                        "pos": {
                            "x": 142.0,
                            "y": 8.0
                        },
                        "private_settings": {},
                        "rot": 0.0,
                        "scale": {
                            "x": 0.476500004529953,
                            "y": 0.4765625
                        },
                        "scale_filter": "disable",
                        "visible": true
                    }
                ]
            },
            "sync": 0,
            "volume": 1.0
        },
        {
            "balance": 0.5,
            "deinterlace_field_order": 0,
            "deinterlace_mode": 0,
            "enabled": true,
            "flags": 0,
            "hotkeys": {},
            "id": "window_capture",
            "mixers": 0,
            "monitoring_type": 0,
            "muted": false,
            "name": "Window Capture 2",
            "prev_ver": 402653187,
            "private_settings": {},
            "push-to-mute": false,
            "push-to-mute-delay": 0,
            "push-to-talk": false,
            "push-to-talk-delay": 0,
            "settings": {
                "cursor": false,
                "window": "Zwift:GLFW30:ZwiftApp.exe"
            },
            "sync": 0,
            "volume": 1.0
        },
        {
            "balance": 0.5,
            "deinterlace_field_order": 0,
            "deinterlace_mode": 0,
            "enabled": true,
            "flags": 0,
            "hotkeys": {},
            "id": "text_gdiplus",
            "mixers": 0,
            "monitoring_type": 0,
            "muted": false,
            "name": "Name & Team Text - Hellcatz Purple",
            "prev_ver": 402653187,
            "private_settings": {},
            "push-to-mute": false,
            "push-to-mute-delay": 0,
            "push-to-talk": false,
            "push-to-talk-delay": 0,
            "settings": {
                "color": 4289294017,
                "font": {
                    "face": "Masque",
                    "flags": 0,
                    "size": 36,
                    "style": "Regular"
                },
                "text": " Jessica \"Legshredder\" Hamilton - BRT Hellcatz    "
            },
            "sync": 0,
            "volume": 1.0
        },
        {
            "balance": 0.5,
            "deinterlace_field_order": 0,
            "deinterlace_mode": 0,
            "enabled": true,
            "flags": 0,
            "hotkeys": {},
            "id": "image_source",
            "mixers": 0,
            "monitoring_type": 0,
            "muted": false,
            "name": "BRT Logo - Hellcatz Purple",
            "prev_ver": 402653187,
            "private_settings": {},
            "push-to-mute": false,
            "push-to-mute-delay": 0,
            "push-to-talk": false,
            "push-to-talk-delay": 0,
            "settings": {
                "file": "C:/Users/jessi/Documents/OBS/Sources/Logo - BRT Hellcatz Purple.png"
            },
            "sync": 0,
            "volume": 1.0
        },
        {
            "balance": 0.5,
            "deinterlace_field_order": 0,
            "deinterlace_mode": 0,
            "enabled": true,
            "flags": 0,
            "hotkeys": {},
            "id": "image_source",
            "mixers": 0,
            "monitoring_type": 0,
            "muted": false,
            "name": "Image",
            "prev_ver": 402653187,
            "private_settings": {},
            "push-to-mute": false,
            "push-to-mute-delay": 0,
            "push-to-talk": false,
            "push-to-talk-delay": 0,
            "settings": {},
            "sync": 0,
            "volume": 1.0
        },
        {
            "balance": 0.5,
            "deinterlace_field_order": 0,
            "deinterlace_mode": 0,
            "enabled": true,
            "flags": 0,
            "hotkeys": {},
            "id": "color_source",
            "mixers": 0,
            "monitoring_type": 0,
            "muted": false,
            "name": "Background Colour - Hellcatz Purple",
            "prev_ver": 402653187,
            "private_settings": {},
            "push-to-mute": false,
            "push-to-mute-delay": 0,
            "push-to-talk": false,
            "push-to-talk-delay": 0,
            "settings": {
                "color": 4282330945
            },
            "sync": 0,
            "volume": 1.0
        }
    ],
    "transition_duration": 300,
    "transitions": []
}